ID,WRITING.TITLE,WRITING.DATE,WRITING.INFO,WRITING.TEXT.Element:Text
eRisk2023-T3_Subject15, b' ' , b'2022-10-16 12:58:33' , reddit post ,agreed lol
eRisk2023-T3_Subject15, b' ' , b'2022-10-15 16:45:13' , reddit post ,the latter
eRisk2023-T3_Subject15, b' ' , b'2022-10-15 16:44:40' , reddit post ,ill manifest a mermaid orgy for you my friend
eRisk2023-T3_Subject15, b' ' , b'2022-10-13 02:50:14' , reddit post ,"If only i were not asexual. I dont know what is with this dream, it is the only sexual dream I have. and honestly im more focused on the fact that I can breath underwater lmao"
eRisk2023-T3_Subject15, b' ' , b'2022-10-11 20:56:32' , reddit post ,"Unless stated, All of these dreams are lucid. they occur about 3 - 20 times a month depending on the dream. feel free to ask questions."
eRisk2023-T3_Subject15, b'My recurring dream iceberg' , b'2022-10-11 20:55:49' , reddit post ,
eRisk2023-T3_Subject15, b' ' , b'2022-10-08 06:43:19' , reddit post ,Yes. its literally just telling history. its important for people to know so it does not repeat again
eRisk2023-T3_Subject15, b' ' , b'2022-10-08 06:36:48' , reddit post ,poly means you have multiple romantic relationships. Have you an answer for my question or are you just going to be silly?
eRisk2023-T3_Subject15, b' ' , b'2022-10-08 06:35:17' , reddit post ,Im ace too. Dating isn't for everyone :)
eRisk2023-T3_Subject15, b'Why do people date only one person?' , b'2022-10-08 01:42:41' , reddit post ,"I'm poly, and I see couples break up over mutual cheating on each other. When they find out, they are mad at each other even though they both did it? If they both want to have sex with other people, why don't they just do that?   I don't get jealous that my friends hang out with other friends, I feel the same about romantic partners.   I feel happy that my loves have more loves, its not like they love me any less.   Mono folks, what is different about these two relationships types that makes you want one exclusive romantic partner, but multiple friends?  Thanks!"
eRisk2023-T3_Subject15, b' ' , b'2022-10-03 17:55:00' , reddit post ,Goodluck!
eRisk2023-T3_Subject15, b' ' , b'2022-10-03 17:54:49' , reddit post ,"correct, that is a no."
eRisk2023-T3_Subject15, b' ' , b'2022-10-03 04:06:33' , reddit post ,anything happen?
eRisk2023-T3_Subject15, b' ' , b'2022-10-03 04:03:21' , reddit post ,"Your clone is just you. You could be a ""clone"" now and not know it, they will do whatever you would do."
eRisk2023-T3_Subject15, b' ' , b'2022-09-30 02:34:27' , reddit post ,"More realistic ones can suspend my disbelief, there is only so far it can stretch lmao. and this is coming from someone who actually believes in fae"
eRisk2023-T3_Subject15, b' ' , b'2022-09-30 02:27:02' , reddit post ,"the zombies will be gone you mean, but society would be very changed."
eRisk2023-T3_Subject15, b' ' , b'2022-09-30 02:26:30' , reddit post ,Lmao im sure its great for some but my belief can only be suspended so far.
eRisk2023-T3_Subject15, b' ' , b'2022-09-30 02:17:40' , reddit post ,Lmao I don't think I could get past the unrealistic nature of it
eRisk2023-T3_Subject15, b' ' , b'2022-09-30 01:46:15' , reddit post ,"Nice, Love to find a fellow rennie in a comment section!"
eRisk2023-T3_Subject15, b' ' , b'2022-09-30 00:56:32' , reddit post ,"dont prepare for the future yes, but where did he say the other two?"
eRisk2023-T3_Subject15, b' ' , b'2022-09-30 00:55:31' , reddit post ,"Have you ever fought in it? and what type of swords do you have, as in are they mma swords for actual battle or just the cheap ones you can get at ren faires? Also are you and your companions trained with a sword? honestly if you aren't trained in it you should just use something blunt as a sword would just get stuck in the flesh without proper training. Also Im not sure how much damage an arrow would do to a zombie, perhaps if you get it through an eye socket maybe, but that takes getting a very precise target."
eRisk2023-T3_Subject15, b' ' , b'2022-09-29 22:45:17' , reddit post ,literally his preachings were take care and be nice to everyone and give away all your money
eRisk2023-T3_Subject15, b' ' , b'2022-09-29 22:44:19' , reddit post ,"true. It just annoys me that people claim to follow a guys practices, and then don't."
eRisk2023-T3_Subject15, b' ' , b'2022-09-29 21:55:31' , reddit post ,"I grew up methodist christian, being told ""the bible has been passed down by so many people that we dont know what is original or not, but its good to be kind to everyone and thats what jesus said so yay jesus."" I am not atheist, more spiritual, but having read what jesus actually says (or what he is said to have said in the bible), hes not a bad dude, a hippie who loves all and promotes eat the rich and self sacrifice (and self harm to prevent sin). He seems a bit misled and flawed, like a human is. It frustrates me to see hardcore trumpies preach about how jesus would agree with him. I think that raising children to believe in something without question is always bad, and can lead to people ignoring their so called rule books. but outlawing it would definitely not work as it would fule fundies rage."
eRisk2023-T3_Subject15, b' ' , b'2022-09-29 21:38:17' , reddit post ,"yes that seems quite loud to me, would that not draw zombies near? still obviously an efficient weapon if you are already in a big group of em, but I would be concerned about using them in said high populated areas, are zombies typically attracted to noise?"
eRisk2023-T3_Subject15, b' ' , b'2022-09-29 21:33:21' , reddit post ,"How silent is pretty quiet? Again I have no experience with guns. I could not even be around fire alarms, high school assemblies, sports games, concerts, and other things of the sort without getting a massive headache and ringing of my ears. When I google these things, they average around 90 - 110 decibels, and guns are 140 and over, how quiet can that be made?"
eRisk2023-T3_Subject15, b' ' , b'2022-09-29 21:03:52' , reddit post ,however much you feel like carrying.
eRisk2023-T3_Subject15, b' ' , b'2022-09-29 20:17:55' , reddit post ,my mama is a very reasonable person. if she tells me to knock someone out she has a good reason.
eRisk2023-T3_Subject15, b' ' , b'2022-09-29 20:16:07' , reddit post ,"Abandoned pool that someone released some fish into. they were thriving on algae until the hoa drained it, but they let a farmer moved the fish to his pond first."
eRisk2023-T3_Subject15, b' ' , b'2022-09-29 20:13:29' , reddit post ,"oh yeah i 100% believe in them. when I garden they bring me things, like cool rocks and feathers. They are also mischievous and hide my things. If I ask them politely I will find the things, Exactly where I thought I left them and already checked. Ofc this could all be in my head, but whats the harm in thinking its not? lol"
eRisk2023-T3_Subject15, b' ' , b'2022-09-29 20:10:28' , reddit post ,"gnomes, sidhe, fae, little people, etc"
eRisk2023-T3_Subject15, b' ' , b'2022-09-29 20:03:37' , reddit post ,"The problem is, its in human nature. There's a reason it came about in so many cultures. People want things to believe in. I don't think we would have gotten this far as a species if we hadn't had religion. Now it is not beneficial, but I dont think there is any way to stop it lol"
eRisk2023-T3_Subject15, b' ' , b'2022-09-29 19:56:19' , reddit post ,"true true. although zips are not always as durable as they should be, coming from someone who has had to mend a fair amount of zips. I think multiple layers of clothing, making sure the top layer is a pull over or something without closures is the best."
eRisk2023-T3_Subject15, b' ' , b'2022-09-29 19:54:17' , reddit post ,"you cant bite through normal clothes, but you can tear it with your teeth while trying, which would happen with zombie hordes. But mail is not too stealthy, so definitely multiple layers of cloth would be best. my everyday winter wear - shift, corset, multiple layers of skirt, multiple layers of shirt, cloak - would work, although I would probably wear multiple jeans instead of my skirts as they are ankle length and quite snatchable, and perhaps get coats instead of a cloak for the same reason."
eRisk2023-T3_Subject15, b' ' , b'2022-09-29 19:48:45' , reddit post ,"Yes, Just coming from a seamstress I would rather wear a little extra weight than have my gambeson's front layer constantly ripped. If i am dealing with a lot of zombies, also them pulling off the buckles. but if its just one or two gambeson would work fine. and Layers of normal clothes work too - I just already dress historically and have this stuff anyway lol"
eRisk2023-T3_Subject15, b' ' , b'2022-09-29 19:19:06' , reddit post ,"yes, they have teeth. thus the chain mail. gambeson so the chain mail does not hurt you."
eRisk2023-T3_Subject15, b' ' , b'2022-09-29 19:05:45' , reddit post ,"""sucks that i cant use this experience in an discussion about zombie apocalypses. Its not like i can tell people that I know exactly how difficult it is to lob someones head off"""
eRisk2023-T3_Subject15, b' ' , b'2022-09-29 19:04:38' , reddit post ,whats ur of?
eRisk2023-T3_Subject15, b' ' , b'2022-09-29 19:04:15' , reddit post ,be as silly and have as much fun as I can.
eRisk2023-T3_Subject15, b' ' , b'2022-09-29 19:02:56' , reddit post ,"Distance is definitely good for those with good aim, me personally I have never shot a gun so probably I would have to get close to get a chance at hitting the head, plus silencers aren't quiet enough for other zombies to not hear. If you are fighting a lot of zombies at once tho definitely gun. perhaps the answer to this is have multiple weapons."
eRisk2023-T3_Subject15, b' ' , b'2022-09-29 18:58:58' , reddit post ,still i would much rather be sick with pretty rocks than sick without any rocks.
eRisk2023-T3_Subject15, b' ' , b'2022-09-29 18:56:04' , reddit post ,I once accidentally stabbed a guy in the balls while fencing. I dont know why there isn't more than 3 layers of crotch protection there.
eRisk2023-T3_Subject15, b' ' , b'2022-09-29 18:53:07' , reddit post ,this is not at all applied to girls. it used to be strange when someone in the stall next to me would make casual conversation. I don't mind it now that im on anxiety medication but I definitely don't initiate the talking lmao
eRisk2023-T3_Subject15, b' ' , b'2022-09-29 18:48:41' , reddit post ,"I had never heard about monster hunter before so i googled it and... how the hell did anyone accept that as plausible lmao those weapons are completely  unwieldable. As for the armor, looking at the massive beasts they are fighting its probably better to be agile than protected. plate wont do you any better (maybe worse?) than cloth if the thing you're fighting can drop you 20 feet."
eRisk2023-T3_Subject15, b' ' , b'2022-09-29 18:37:30' , reddit post ,"Not at all. Im poly and ace. If my partner wants to have sex with me im not apposed, but I dont think I would be able to keep up with their need. I would be fine if a partner had sex or a relationship with other people"
eRisk2023-T3_Subject15, b' ' , b'2022-09-29 18:35:51' , reddit post ,my legs are tired
eRisk2023-T3_Subject15, b' ' , b'2022-09-29 18:34:15' , reddit post ,stopped me from offing myself because of school anxiety. bought me the time i needed to convince my parents to get me help lmao
eRisk2023-T3_Subject15, b' ' , b'2022-09-29 17:14:27' , reddit post ,"absolutely fair, I know nothing about guns lmao. and to someone who's a good shot it with proper sound protection its a valid weapon. How quite can guns be made if you know?"
eRisk2023-T3_Subject15, b' ' , b'2022-09-29 17:09:32' , reddit post ,"Agreed. But anyone who owns a dogshit sword probably isnt trained in them and so a good one would be useless to them anyway. If you know how to use a sword, you're probably a medieval mma fighter who has a real one."
eRisk2023-T3_Subject15, b' ' , b'2022-09-29 16:58:19' , reddit post ,"I would still think that chain over gambeson would be the best, chain mail stopping the pulling on the buckles and gambeson stopping pressure exerted by the zombies. I think the best helmet would be a fencing helmet, as nothing is biting it and its not that difficult to see in. just make sure it is put on before the gambeson so it wont be pulled off."
eRisk2023-T3_Subject15, b' ' , b'2022-09-29 16:52:33' , reddit post ,"Its padded fabric armor worn under plate and chainmail, or by itself."
eRisk2023-T3_Subject15, b' ' , b'2022-09-29 16:50:52' , reddit post ,"yes, agreed, and I have. I assume most people wont have access to swords, Everyone I know who has one is in medieval mma."
eRisk2023-T3_Subject15, b' ' , b'2022-09-29 16:49:37' , reddit post ,lmao realistically in my circle - rennies and medieval mma fighters - would not even wear their plate armor because they know how taxing it is. gambeson and plate mail I think is the best.
eRisk2023-T3_Subject15, b' ' , b'2022-09-29 16:45:47' , reddit post ,"chain mail over gambeson, or if you havent that then multiple layers of clothing"
eRisk2023-T3_Subject15, b' ' , b'2022-09-29 16:40:15' , reddit post ,"true, but unless recently turned their gums would be quite decomposed and the teeth would dislocate before biting through tough fabrics"
eRisk2023-T3_Subject15, b' ' , b'2022-09-29 16:08:15' , reddit post ,meats meat
eRisk2023-T3_Subject15, b' ' , b'2022-09-29 16:03:58' , reddit post ,"oh yeah I completely forgot about maces. I agree that that would be the most effective, though for some people like me who are not as strong I don't think I could carry that around. It took me two years to be able to effectively swing about a 4 pound hand and a half sword without significant fatigue, I doubt I could wield a two handed (one handed wouldn't be very effective I dont think, but honestly idk much about maces) mace with all of 5-7 pound on the end. Its also again quite difficult to take the head off and I would need the sharp edge, which honestly isnt that taxing as I already have to upkeep these things."
eRisk2023-T3_Subject15, b' ' , b'2022-09-29 13:12:08' , reddit post ,You would be wearing the chainmail over the gambeson. What do you suggest be the best protection?
eRisk2023-T3_Subject15, b' ' , b'2022-09-29 13:08:14' , reddit post ,"Now that I think of it, your best strategy would be removing the mobility of the zombies. so whacking until their legs are broken lmao"
eRisk2023-T3_Subject15, b' ' , b'2022-09-29 13:06:42' , reddit post ,"Yes, I said it is still difficult. But better than a gun. Also anyone who has a combat sword (not just the cheap ones you can get for 60-120$ at the ren faire) also is usually trained in it (Medieval MMA), unless we are talking the classic neckbeard katana types."
eRisk2023-T3_Subject15, b' ' , b'2022-09-29 12:48:42' , reddit post ,and ping pong lol ?
eRisk2023-T3_Subject15, b' ' , b'2022-09-29 12:48:12' , reddit post ,is being bad at driving something stereotyped as being asian? I have never heard that before.
eRisk2023-T3_Subject15, b' ' , b'2022-09-29 12:46:10' , reddit post ,"True, perhaps some chain mail then. but in my experience plate takes like 20+ minutes to put on and thats with someone helping you, and then its extremely taxing to move around in, in my combat gym one minute of combat needs 90 seconds of rest between each (3 rounds in total). And these are people who train for 7+ months for these fights. When people get taken to the floor are commonly so exhausted they cant get up on their own."
eRisk2023-T3_Subject15, b' ' , b'2022-09-29 05:49:15' , reddit post ,boom make ear deaf. deaf ear cant hear.
eRisk2023-T3_Subject15, b' ' , b'2022-09-29 05:45:19' , reddit post ,tell me how it goes!
eRisk2023-T3_Subject15, b' ' , b'2022-09-29 05:21:46' , reddit post ,"Where generally do you live? Some tips I have to ward of spirits:  wear an iron necklace, or hang something iron above your doorway.   specifically cast out anything that wishes to cause harm.  dont flee spirits, ignore them. If they are showing themselves to you, they want you to see them and get a reaction out of you.   To me it sounds like she is scaring you to feed off of your negative energy. realise that she can't do any more harm to you than your paranoia can do to yourself."
eRisk2023-T3_Subject15, b' ' , b'2022-09-29 05:11:54' , reddit post ,"I have sleep paralysis frequently. I am used to it now, I just keep my eyes shut and force myself to calm down. If they haven't hurt you by now, thats not what they want."
eRisk2023-T3_Subject15, b' ' , b'2022-09-29 04:58:56' , reddit post ,The Mechanisms?
eRisk2023-T3_Subject15," b'""Unseasoned Food""' ", b'2022-09-29 04:56:05' , reddit post ,"White american here. I think this stereotype is quite funny as I am the epitome of it.    I dont like tomato sauce on my pasta. I just eat it with salt. Honestly sometimes I dont even put salt on it.    I dont put sugar on my rice crispys or wheat flakes.   My favorite food is bread. Just bread.   I eat veggie sushi. no soy sauce or anything else. just vegetables surrounded by rice   I only drink water and milk, and occasionally some very mild lemonade.   perhaps controversial in white spaces, i do not like Ketchup and Mayo.   the only things with flavor I like are fruits like strawberries, oranges, blueberries, lemons, cherries etc.    I do like raisins but it is absolutely true that white people put them in too many things."
eRisk2023-T3_Subject15, b' ' , b'2022-09-29 04:42:17' , reddit post ,"constant pain. My back has been with a stabbing pain since I was in middle school. I usually can ignore it but it is hard sometimes. When other parts of my body get hurt, even if it is worse pain it is a welcome distraction."
eRisk2023-T3_Subject15, b' ' , b'2022-09-29 04:39:21' , reddit post ,Getting shot doesn't hurt. Its like your brain ignores the pain so you can get away from the danger. but after the shock goes away it is quite painful.
eRisk2023-T3_Subject15, b' ' , b'2022-09-29 04:37:17' , reddit post ,change humans brains so they are not so mean to eachother.
eRisk2023-T3_Subject15, b' ' , b'2022-09-29 04:36:19' , reddit post ,As a rennie I strongly disagree. Bagpipes are hot as hell. But also yes kilts definitely are too.
eRisk2023-T3_Subject15, b' ' , b'2022-09-29 04:34:40' , reddit post ,"someone who has platemail is probably a re-enactor or is into armored combat and would have a gambeson. Wear a gambeson. Or if you do fencing wear your fencing gear. Its made for sharp metal not to get through, human teeth wont."
eRisk2023-T3_Subject15, b' ' , b'2022-09-29 04:31:14' , reddit post ,"also that guns are not the best way to do that. best bet is using an axe, bat, or sword to whack it off or cut it off. this is still difficult but better than just making a hole in it with a gun."
eRisk2023-T3_Subject15, b' ' , b'2022-09-29 04:28:22' , reddit post ,"the collapse of civilisation is what will kill you. zombies will decompose. Guns are loud, will only ruin your hearing and draw more to you. Better off using a baseball bat to whack their heads off. Or a sword if you are trained to use one. If you need meds to live you are dead."
eRisk2023-T3_Subject15, b' ' , b'2022-09-29 04:24:37' , reddit post ,water
eRisk2023-T3_Subject15, b' ' , b'2022-09-29 04:20:30' , reddit post ,You can't. But you can describe what emotions colors are commonly associated with.
eRisk2023-T3_Subject15, b' ' , b'2022-09-29 03:40:36' , reddit post ,as a white american who enjoys cold (occasionally salty) pasta yes it is true. My favorite food is bland bread.
eRisk2023-T3_Subject15, b' ' , b'2022-09-29 03:33:37' , reddit post ,"1. I am into history so I am compelled to learn just about anything that I can click my way into a rabbit hole of. So yes, and it is quite horrific but I have also learned that horrific stuff of that nature happens everywhere there are people throughout history, and its still happening today in some places. I know some white people feel guilty about what their ancestors did, I don't. We need to correct mistakes our ancestors did, but its not like we were the ones to do it. Also no matter who you are or where you come from, your people committed atrocities, thats what humans do. And thats not on your shoulders, just remember what happened and dont let it happen again.   Tv shows: Gravity falls Adventure time Siren"
eRisk2023-T3_Subject15, b' ' , b'2022-09-29 01:34:19' , reddit post ,"I wash my face with a wash cloth twice a day   privates , armpits, feet, once a day with a wash cloth   hair once a week    rest of body every 3 days with a wash cloth unless I got really sweaty that day.   I used to wash my skin more frequently but it made my skin irritated and dry even with lotion, and I am clean this way so I do it this way.    peoples skin needs different things. if i'm just sitting about sewing all day my skin does not get dirty.  People are judging here for their hygiene...  perhaps we should think of our modern clothes washing practices   detergent doesn't get rid of bacteria, only dirt! we wash our undies with our outer wear!! modern people have poopy clothes. Historically we would boil the shit out of our linens, now people wear such small underwear we dont even cover most of our skin from our outerwear! but now we have more outerwear at a time and less durable, so people wash it too lmao."
eRisk2023-T3_Subject15, b' ' , b'2022-09-28 05:15:43' , reddit post ,"Its in the name, reality shifting. We believe we go to other realities with our consciousness."
eRisk2023-T3_Subject15, b' ' , b'2022-09-27 13:04:48' , reddit post ,lol u shouldn't have gotten banned but just an fyi that joke is not funny.
eRisk2023-T3_Subject15, b' ' , b'2022-09-27 12:47:21' , reddit post ,girl shifting is a spiritual thing obv we're not gonna be able to prove it to you. Why are you in this sub if you don't believe in it.
eRisk2023-T3_Subject15, b' ' , b'2022-09-27 12:35:35' , reddit post ,friends
eRisk2023-T3_Subject15," b""White Flour - A Children's Book about Clowns Hijacking a Klan Rally"" ", b'2022-09-24 17:16:56' , reddit post ,
eRisk2023-T3_Subject15, b' ' , b'2022-09-22 17:17:59' , reddit post ,"Same, I love both! I would love to learn about your mermaid if you would like to share!"
eRisk2023-T3_Subject15, b' ' , b'2022-09-22 16:18:44' , reddit post ,much appreciated!
eRisk2023-T3_Subject15, b' ' , b'2022-09-22 06:28:27' , reddit post ,Over the Garden Wall
eRisk2023-T3_Subject15, b' ' , b'2022-09-22 06:15:30' , reddit post ,"I have killed a lot of people in lucid dreams as self defense, and I don't notice any messing up of the brain. ofc the reason my brain keeps throwing people at me to kill might be an indicator that I was already messed up lmao"
eRisk2023-T3_Subject15, b' ' , b'2022-09-22 05:06:18' , reddit post ,Im glad you enjoyed it!!
eRisk2023-T3_Subject15, b' ' , b'2022-09-22 05:05:10' , reddit post ,yeah you should probably go to a cryptid subreddit for cryptid info. i know quite a bit tho if u want to message me :)
eRisk2023-T3_Subject15, b' ' , b'2022-09-22 04:54:42' , reddit post ,There are no skinwalkers in Europe so don't worry :)
eRisk2023-T3_Subject15, b' ' , b'2022-09-22 04:53:45' , reddit post ,"Different cryptids have different means to find them. A skinwalker is not a cryptid, regardless of how people treat them. A crawler is a creepypasta but people claim to have seen them, giving them a bit of a cryptid status."
eRisk2023-T3_Subject15, b' ' , b'2022-09-22 04:06:09' , reddit post ,weird. I have a pintrest board linked in the intro that has examples too.
eRisk2023-T3_Subject15, b' ' , b'2022-09-22 01:39:39' , reddit post ,thank you!
eRisk2023-T3_Subject15, b' ' , b'2022-09-22 01:39:25' , reddit post ,thank you!
eRisk2023-T3_Subject15, b' ' , b'2022-09-21 21:53:55' , reddit post ,"yeah, what comes up when googling ""mayfly"" is not a bug I would have called a mayfly. A crane fly is what I would have called a mayfly. I wonder why we call it something it is not?"
eRisk2023-T3_Subject15, b'Mermaid Design Poll' , b'2022-09-21 21:51:29' , reddit post ,
eRisk2023-T3_Subject15, b'Mermaid Design Poll' , b'2022-09-21 21:50:59' , reddit post ,Please consider filling out my 15 minute mermaid design survey. I made this for curiosities sake and will be posting the results at the beginning of December!   Marked NSFW for bare mermaid chests in some of the photos.  [https://docs.google.com/forms/d/e/1FAIpQLScukEhIsjwaESpaBxw9GWIUyjPHyLJjIpeyZHTmR5-s73_w3w/viewform](https://docs.google.com/forms/d/e/1FAIpQLScukEhIsjwaESpaBxw9GWIUyjPHyLJjIpeyZHTmR5-s73_w3w/viewform)
eRisk2023-T3_Subject15, b' ' , b'2022-09-20 06:19:44' , reddit post ,yup. if you go to krispy kreems and talk like a pirate on talk like a pirate day you get a free donut.
eRisk2023-T3_Subject15, b' ' , b'2022-09-20 05:03:21' , reddit post ,"TN and I have heard them called that before but it was more common to say daddy long legs where I was. Did anyone refer to them as just ""daddies"""
eRisk2023-T3_Subject15, b' ' , b'2022-09-20 05:00:41' , reddit post ,"I live in the south east of america, and we just call cellar spiders cellar spiders. Daddy long legs (or just daddies for short) are these spider like things (if you look closely they only have one body segment) they have a small round  body with two tiny eyes and eight lengthy legs. I don't know why they are called daddies or daddy long legs lol"
eRisk2023-T3_Subject15, b' ' , b'2022-09-20 04:56:00' , reddit post ,"my family (southern) refer to harvest men as daddy long legs, but usually just say daddies for short. Cellar spiders are just cellar spiders, and Crane flys are Mayflys. I have also heard ""misquito eater"" before but I don\'t think that is accurate as I don\'t think they can even eat lol."
eRisk2023-T3_Subject15, b' ' , b'2022-09-16 19:37:01' , reddit post ,I recommend musi for phones to stop ads
eRisk2023-T3_Subject15, b' ' , b'2022-09-15 22:00:16' , reddit post ,Carbon Dioxide is life? what does this mean.
eRisk2023-T3_Subject15, b' ' , b'2022-09-15 21:58:05' , reddit post ,Drow are physical and also don't exist here though?
eRisk2023-T3_Subject15, b' ' , b'2022-09-12 10:05:21' , reddit post ,what are you a fucking mechanism? lmao.
eRisk2023-T3_Subject15, b' ' , b'2022-09-12 02:37:07' , reddit post ,"usually we dont greet eachother, we just say whatever we need to say. but Here are a few common occurrences with my siblings when we choose to partake in pleasantries:  Brother: *looks in my direction*  Me: wtf do u want  ---  Me: Hello Brother Whom i love so dearly  Brother: what do you want from me  ---  Me: Hi  Sister: What  ---  Me: What are you doing  Sister: *looks at me begrudgingly*  ---  Me: Hello Brother.  Brother: Hello Sister.  ---  Me: *smacks sibling in the back of the head*  Sibling: *eldritch screeching noises*"
eRisk2023-T3_Subject15, b' ' , b'2022-09-09 06:31:47' , reddit post ,"My mother pronounces: ""While"" as ""why"" ""Avocado"" as ""al-vuh-cod-o"" where did the L come from??   both my sister and my best friend pronounce ""festival"" as ""festi-bull"""
eRisk2023-T3_Subject15, b' ' , b'2022-09-09 06:02:48' , reddit post ,"Those are the feelings of you disconnecting from your body. You should try not to focus on them, the more you practice shifting the less you will feel it. No method is the best. you must experiment to see what works the best for you."
eRisk2023-T3_Subject15, b' ' , b'2022-09-09 05:44:37' , reddit post ,"I have gotten used to creepy dream things. most of my dreams are lucid now. I still get dreams where I am violently attacked and have to harm or kill someone in self defence, but because I am lucid its more unpleasant than scary. sometimes when I tell my dream folks that I am dreaming, they do creepy dream stuff. But I just laugh at them and tell them to keep up the impressive special effects."
eRisk2023-T3_Subject15, b' ' , b'2022-09-09 05:40:28' , reddit post ,"reply with ""lol ok"""
eRisk2023-T3_Subject15, b' ' , b'2022-08-23 12:22:12' , reddit post ,"I have had a dream where I met god, or a god at least. She was black with a fat figure and red hair (like orange ginger hair not actual red) and wore leaves all around her that formed a dress. She was very put together and regal but in a nature kinda way. This was at the height of my depression and I had asked for a sign of god. Maybe its just what my brain conjured up, but that is what I saw. she didn't say anything, just smiled at me."
eRisk2023-T3_Subject15, b' ' , b'2022-08-23 12:11:11' , reddit post ,"huh, I will try this! Though my opinion now is that they are an extension of my subconscious used to work out specific issues - I think they act differently for everyone.   What do you think your's motives are? if they are trying to scare us, maybe that is why mine stop trying after a while, because they know I am no longer scared of them? I have never had dream characters attack me after I acknowledge that they are dream characters  like someone could be attacking me in a dream, but they are still playing a part in the dream. never have they attacked me after I tell them I know its a dream."
eRisk2023-T3_Subject15, b' ' , b'2022-08-23 12:04:46' , reddit post ,this would be a good horror movie
eRisk2023-T3_Subject15, b' ' , b'2022-08-23 12:02:37' , reddit post ,I have silly ones where I really need to piss but the toilet stalls are all torn open or have weird openings so there is no privacy. They are very busy and gross. I have always just assumed they are a manifestation of my hatred of public toilets lmao.
eRisk2023-T3_Subject15, b' ' , b'2022-08-23 11:57:21' , reddit post ,"I think they might act differently depending on how we view them. I kind of view them as scare actors; having worked at a haunted house attraction myself, I see them as an extension of my brain trying to scare me because that is what I expect them to do. Or maybe they are just saddened by the fact that their acting wasn't good enough to fool me    Why do you think they think you are a threat? what makes you a threat to them? :)"
eRisk2023-T3_Subject15, b' ' , b'2022-08-23 11:52:25' , reddit post ,"Oh yeah it is totally horror movie shit. but I guess I am used to it? I also have frequent violent trauma dreams and sleep paralysis, and I am not so much scared anymore, mostly just annoyed."
eRisk2023-T3_Subject15, b' ' , b'2022-08-23 03:44:43' , reddit post ,"I recently started telling my dream characters that I know I am dreaming, And at first they denied it. Then they started being creepy and turning their eyes white and talking robotic. after a few more times they did this i was like ""come on mate level with me here, you\'ve already done this try something new"" and then they laugh with me and were like ""Damn! gotta come up with some new material!"". Had a dream last night where my friend said something weird and i was like ""Ohhh im dreaming"" then she started doing creepy dream shit and I told her that instead of doing that, she should shapeshift into something cool. she shifted into a few movie characters but didn\'t do a good job and I criticised her acting skills. then I woke up. I think that dream characters are more mischievous than mean once you get to know them haha."
eRisk2023-T3_Subject15, b' ' , b'2022-08-16 13:54:31' , reddit post ,im jealous
eRisk2023-T3_Subject15, b' ' , b'2022-08-16 13:45:11' , reddit post ,like in school lunchroom when someone would pop a bag and everyone would look to see if we were about to be shot up  
eRisk2023-T3_Subject15, b' ' , b'2022-08-07 02:25:53' , reddit post ,1850s
eRisk2023-T3_Subject15, b' ' , b'2022-08-03 16:19:42' , reddit post ,what if i only have one nut should i put it all on one nut or halve the recipe
eRisk2023-T3_Subject15, b' ' , b'2022-08-03 16:17:43' , reddit post ,"If you don't have motivation, take a break. for however long you need. shifting will be here when you are ready :)"
eRisk2023-T3_Subject15, b' ' , b'2022-08-03 16:16:37' , reddit post ,"I tried for two years before I finally shifted, and had a lot of same thoughts you did. Just know that its ok to not get there immediately, your dr is not going anywhere [heart emoticon]"
eRisk2023-T3_Subject15, b' ' , b'2022-08-03 16:04:10' , reddit post ,ngl this is cringe bro
eRisk2023-T3_Subject15, b' ' , b'2022-08-03 15:56:38' , reddit post ,"there will always be danger. They also used ash to clean the oil from their hands, making lye, a dangerous substance used for soap making. Laundry Women would get severe chemical burns from years of washing with harsh substances. I dislike microplastics obv but I am glad to have easy access to soaps and detergents that wont burn my skin off lol"
eRisk2023-T3_Subject15, b' ' , b'2022-08-03 04:54:49' , reddit post ,"Yup, But like modern toothpaste its best not to swallow  "
eRisk2023-T3_Subject15, b' ' , b'2022-08-03 04:46:20' , reddit post ,"Yup, thats why it was used in so much. Washing, stain removal, Tanning leather, and Dying cloth. You should for no reason be drinking it. If they want to wash their clothes the historical way, I can't see why they shouldn't, but I don't know why they would want to. I wear medieval clothes daily, and try medieval recipes weekly. Connecting with the past can be fun... but there are some things from the past that I would like to stay in the past."
eRisk2023-T3_Subject15, b' ' , b'2022-08-02 22:41:31' , reddit post ,"As a southern woman, people usually wear shirts under their overalls. Other than that yeah its pretty accurate."
eRisk2023-T3_Subject15, b' ' , b'2022-08-02 22:26:13' , reddit post ,"there is nothing external that will shift you instantly. You need to try things and practice, and find what works for you. Everyone is different and so everyone's shifting experience will be different. :)"
eRisk2023-T3_Subject15, b' ' , b'2022-08-02 22:03:36' , reddit post ,"I think this! I think that when you die, your soul shunts out of your body and you shift. I think that is why people who come back to life say they saw heaven, because they believe in heaven and therefore their consciousness shifted them there before their body called them back. [heart emoticon]"
eRisk2023-T3_Subject15, b' ' , b'2022-08-02 21:49:26' , reddit post ,"I would say neutral evil. She doesn't particularly love following chaos or structure, Just doing what will suit her needs in each situation."
eRisk2023-T3_Subject15, b' ' , b'2022-08-02 21:26:49' , reddit post ,"correction: It smells like stale urine, which is a whole lot worse"
eRisk2023-T3_Subject15, b' ' , b'2022-08-02 21:26:01' , reddit post ,"as a medieval enthusiast, Piss was used in certain medical salves and in washing clothes. While effective and the best option for the time... we have much better practices today..."
eRisk2023-T3_Subject15, b' ' , b'2022-08-02 07:13:05' , reddit post ,quality privies
eRisk2023-T3_Subject15, b' ' , b'2022-08-02 07:10:00' , reddit post ,"A smock underdress Belt, Tankard, Leather pouch to attach to the belt, wooden beaded necklace, braided hair,"
eRisk2023-T3_Subject15, b' ' , b'2022-08-02 07:06:18' , reddit post ,"A tip for garb: Wear Linen. It's historically what undergarments were made out of and is really good at wicking away sweat. I wear a linen shift under my garb in 80-95 degree heat and it helps with hydration (it keeps sweat near the skin but feels dry, so your body feels the need to sweat less) and feels a lot cooler. [heart emoticon]"
eRisk2023-T3_Subject15, b' ' , b'2022-08-02 07:02:05' , reddit post ,"unless they say specifically no skimpy outfits, probably not, But brink something to change into in the case they don't allow it."
eRisk2023-T3_Subject15, b' ' , b'2022-08-02 06:59:39' , reddit post ,"If you cant find everything online, The faire itself will probably have some options too :)"
eRisk2023-T3_Subject15, b' ' , b'2022-08-02 06:37:18' , reddit post ,"Honestly its kinda strange that people didn't see it sooner. I joined because I like cryptids and true crime, and stayed to figure out how the whole thing would go down - I mean morgen literally called it a cult from the beginning it was pretty blaring that something was going on. I was never very active in the community, just checking in every few weeks, but I always got weird vibes. It really sucks for the minors who got stuck in the situation."
eRisk2023-T3_Subject15, b' ' , b'2022-06-19 23:59:33' , reddit post ,tbh there are a fair amount of half naked folks as well.
eRisk2023-T3_Subject15," b'""Happy Fathers Day Jim"" 14 years ago, 658 views, and top tier quality of both image and sound.' ", b'2022-06-19 21:06:33' , reddit post ,
eRisk2023-T3_Subject15, b' ' , b'2022-06-08 07:58:45' , reddit post ,"Bruh this happens to me too, dont let the people being dicks get to you lol. My brain accent changes on the daily depending on what podcasts I listen to. With a little bit practice I have been able to keep my accent to general american, good luck :)"
eRisk2023-T3_Subject15, b' ' , b'2021-12-19 04:32:08' , reddit post ,I was also looking for this!! it also scared me a lot as a kid haha
eRisk2023-T3_Subject15, b' ' , b'2021-12-12 08:05:35' , reddit post ,"the second photo is not tracy, this is from a film called ""The Edge of Paradise"" lol"
eRisk2023-T3_Subject15, b' ' , b'2021-11-03 07:40:56' , reddit post ,bestie ur not supposed to wear that on ur bare skin  
eRisk2023-T3_Subject15, b' ' , b'2021-08-26 23:33:47' , reddit post ,its just tumblr again gods
eRisk2023-T3_Subject15, b' ' , b'2021-04-27 03:37:36' , reddit post ,"...people think that we are just friends, actually we're lesbians"
eRisk2023-T3_Subject15, b' ' , b'2021-04-27 03:01:31' , reddit post ,"haha the one i heard had ""there he blows"" instead of ""goes"""
eRisk2023-T3_Subject15, b' ' , b'2021-04-27 02:57:10' , reddit post ,wow good to know that children are fucking morbid no matter where you live  
eRisk2023-T3_Subject15, b' ' , b'2021-04-08 00:21:12' , reddit post ,if only they made elf ears like this
eRisk2023-T3_Subject15, b'When I found this it had 0 views.' , b'2021-04-06 02:39:33' , reddit post ,
eRisk2023-T3_Subject15, b' ' , b'2021-01-12 16:20:10' , reddit post ,"yes this is what I mean. When they show their true forms it is a white ghostly thing with 4 limbs and no head, but nightcrawlers are white material(looking) and have 2 limbs and a head. The only similarity is they are white and unexplained."
eRisk2023-T3_Subject15, b' ' , b'2021-01-09 03:18:48' , reddit post ,"it never scared me as a child, but now whenever i think of that episode i must turn a light on"
eRisk2023-T3_Subject15, b' ' , b'2021-01-06 11:31:36' , reddit post ,"The fresno nightcrawler is a cryptid of fresno, california. I believe this is referring to the similarities betwix the blank eyed girls and the nightcrawlers, tho I person dont see it."
eRisk2023-T3_Subject15, b' ' , b'2021-01-06 09:39:09' , reddit post ,deer?
eRisk2023-T3_Subject15, b' ' , b'2021-01-06 05:45:01' , reddit post ,hahah axolotl
eRisk2023-T3_Subject15, b'Mysterious silver monolith disappears from Utah desert' , b'2020-11-30 00:26:08' , reddit post ,
eRisk2023-T3_Subject15, b' ' , b'2020-11-25 11:35:03' , reddit post ,pagans are still a thing lmao
eRisk2023-T3_Subject15, b'Yep' , b'2020-08-24 22:11:34' , reddit post ,
